{
  ":100:": "100.svg",
  ":10_00:": "10_00.svg",
  ":10_30:": "10_30.svg",
  ":11_00:": "11_00.svg",
  ":11_30:": "11_30.svg",
  ":12_00:": "12_00.svg",
  ":12_30:": "12_30.svg",
  ":18_plus:": "18_plus.svg",
  ":1_00:": "1_00.svg",
  ":1_30:": "1_30.svg",
  ":2_00:": "2_00.svg",
  ":2_30:": "2_30.svg",
  ":2_busts_in_silhouette:": "2_busts_in_silhouette.svg",
  ":3_00:": "3_00.svg",
  ":3_30:": "3_30.svg",
  ":4_00:": "4_00.svg",
  ":4_30:": "4_30.svg",
  ":5_00:": "5_00.svg",
  ":5_30:": "5_30.svg",
  ":6_00:": "6_00.svg",
  ":6_30:": "6_30.svg",
  ":7_00:": "7_00.svg",
  ":7_30:": "7_30.svg",
  ":8_00:": "8_00.svg",
  ":8_30:": "8_30.svg",
  ":8_asterisk:": "8_asterisk.svg",
  ":8_star:": "8_star.svg",
  ":9_00:": "9_00.svg",
  ":9_30:": "9_30.svg",
  ":agender_flag:": "agender_flag.svg",
  ":alien:": "alien.svg",
  ":anger_symbol:": "anger_symbol.png",
  ":angry:": "angry.svg",
  ":anguished:": "anguished.svg",
  ":arcade_stick:": "arcade_stick.svg",
  ":aromantic_flag:": "aromantic_flag.svg",
  ":arrow_curve_down:": "arrow_curve_down.svg",
  ":arrow_curve_left:": "arrow_curve_left.svg",
  ":arrow_curve_right:": "arrow_curve_right.svg",
  ":arrow_curve_up:": "arrow_curve_up.svg",
  ":arrow_down:": "arrow_down.svg",
  ":arrow_down_left:": "arrow_down_left.svg",
  ":arrow_down_right:": "arrow_down_right.svg",
  ":arrow_left:": "arrow_left.svg",
  ":arrow_left_right:": "arrow_left_right.svg",
  ":arrow_right:": "arrow_right.svg",
  ":arrow_up:": "arrow_up.svg",
  ":arrow_up_down:": "arrow_up_down.svg",
  ":arrow_up_left:": "arrow_up_left.svg",
  ":arrow_up_right:": "arrow_up_right.svg",
  ":arrows_clockwise:": "arrows_clockwise.svg",
  ":arrows_counterclockwise:": "arrows_counterclockwise.svg",
  ":artist_palette:": "artist_palette.svg",
  ":asexual_flag:": "asexual_flag.svg",
  ":asleep:": "asleep.svg",
  ":astonished:": "astonished.svg",
  ":awoo:": "awoo.svg",
  ":back:": "back.svg",
  ":back_of_hand_clw:": "back_of_hand_clw.svg",
  ":back_of_hand_clw_b3:": "back_of_hand_clw_b3.svg",
  ":balloon:": "balloon.svg",
  ":bandaged:": "bandaged.svg",
  ":bandaged_heart:": "bandaged_heart.svg",
  ":bang:": "bang.svg",
  ":bar_chart:": "bar_chart.svg",
  ":battery:": "battery.svg",
  ":battery_empty:": "battery_empty.svg",
  ":battery_full:": "battery_full.svg",
  ":battery_low:": "battery_low.svg",
  ":battery_medium:": "battery_medium.svg",
  ":beating_heart:": "beating_heart.svg",
  ":bee:": "bee.svg",
  ":beers:": "beers.svg",
  ":beginner:": "beginner.png",
  ":bicycle:": "bicycle.png",
  ":bisexual_flag:": "bisexual_flag.svg",
  ":black_flag:": "black_flag.png",
  ":black_heart:": "black_heart.svg",
  ":blowing_a_kiss:": "blowing_a_kiss.svg",
  ":blue_book:": "blue_book.svg",
  ":blue_heart:": "blue_heart.svg",
  ":blue_jay:": "blue_jay.svg",
  ":blush_kiss:": "blush_kiss.svg",
  ":blushing:": "blushing.svg",
  ":boar:": "boar.svg",
  ":bomb:": "bomb.svg",
  ":bone:": "bone.svg",
  ":bookmark:": "bookmark.svg",
  ":brick:": "brick.svg",
  ":bridge_at_night:": "bridge_at_night.svg",
  ":briefcase:": "briefcase.svg",
  ":broken_heart:": "broken_heart.svg",
  ":brown_heart:": "brown_heart.svg",
  ":bust_in_silhouette:": "bust_in_silhouette.svg",
  ":cactus:": "cactus.svg",
  ":calendar:": "calendar.svg",
  ":calendar_spiral:": "calendar_spiral.svg",
  ":call_me_clw:": "call_me_clw.svg",
  ":call_me_clw_b3:": "call_me_clw_b3.svg",
  ":camera:": "camera.svg",
  ":candy:": "candy.svg",
  ":cannabis_leaf:": "cannabis_leaf.svg",
  ":cat_blep - Copy:": "cat_blep - Copy.svg",
  ":cat_blep:": "cat_blep.svg",
  ":cat_crying - Copy:": "cat_crying - Copy.svg",
  ":cat_crying:": "cat_crying.svg",
  ":cat_devious - Copy:": "cat_devious - Copy.svg",
  ":cat_devious:": "cat_devious.svg",
  ":cat_grin - Copy:": "cat_grin - Copy.svg",
  ":cat_grin:": "cat_grin.svg",
  ":cat_heart_eyes - Copy:": "cat_heart_eyes - Copy.svg",
  ":cat_heart_eyes:": "cat_heart_eyes.svg",
  ":cat_joy - Copy:": "cat_joy - Copy.svg",
  ":cat_joy:": "cat_joy.svg",
  ":cat_kiss - Copy:": "cat_kiss - Copy.svg",
  ":cat_kiss:": "cat_kiss.svg",
  ":cat_pouting - Copy:": "cat_pouting - Copy.svg",
  ":cat_pouting:": "cat_pouting.svg",
  ":cat_scream - Copy:": "cat_scream - Copy.svg",
  ":cat_scream:": "cat_scream.svg",
  ":cat_smile - Copy:": "cat_smile - Copy.svg",
  ":cat_smile:": "cat_smile.svg",
  ":chart:": "chart.svg",
  ":cherry:": "cherry.svg",
  ":circle:": "circle.svg",
  ":cityscape:": "cityscape.svg",
  ":clap_clw:": "clap_clw.svg",
  ":clap_clw_b3:": "clap_clw_b3.svg",
  ":closed_eyes_tongue:": "closed_eyes_tongue.svg",
  ":closed_mailbox:": "closed_mailbox.svg",
  ":closed_mailbox_with_no_mail:": "closed_mailbox_with_no_mail.svg",
  ":cloud:": "cloud.svg",
  ":club_suit:": "club_suit.svg",
  ":coffin:": "coffin.svg",
  ":cold:": "cold.svg",
  ":cold_sweat:": "cold_sweat.svg",
  ":computer:": "computer.svg",
  ":computer_mouse:": "computer_mouse.svg",
  ":concern:": "concern.svg",
  ":confetti_ball:": "confetti_ball.svg",
  ":confounded:": "confounded.svg",
  ":construction_sign:": "construction_sign.png",
  ":content:": "content.svg",
  ":control_knobs:": "control_knobs.svg",
  ":cowhand:": "cowhand.svg",
  ":coyote:": "coyote.svg",
  ":crazy:": "crazy.svg",
  ":crescent_moon_1:": "crescent_moon_1.svg",
  ":crescent_moon_2:": "crescent_moon_2.svg",
  ":cross:": "cross.svg",
  ":crossed_fingers_clw:": "crossed_fingers_clw.svg",
  ":crossed_fingers_clw_b3:": "crossed_fingers_clw_b3.svg",
  ":crossed_flags:": "crossed_flags.png",
  ":crow:": "crow.svg",
  ":crt:": "crt.svg",
  ":crt_blue_screen:": "crt_blue_screen.svg",
  ":crt_green_lines:": "crt_green_lines.svg",
  ":crt_noise:": "crt_noise.svg",
  ":crt_prompt:": "crt_prompt.svg",
  ":crt_test_pattern:": "crt_test_pattern.svg",
  ":crying:": "crying.svg",
  ":crystal_ball:": "crystal_ball.svg",
  ":curled_page:": "curled_page.svg",
  ":currency_conversion:": "currency_conversion.svg",
  ":dash:": "dash.svg",
  ":date:": "date.svg",
  ":dead:": "dead.svg",
  ":decreasing_graph:": "decreasing_graph.svg",
  ":deer_with_antlers:": "deer_with_antlers.svg",
  ":demigirl_flag:": "demigirl_flag.svg",
  ":demiguy_flag:": "demiguy_flag.svg",
  ":deminonbinary_flag:": "deminonbinary_flag.svg",
  ":demisexual_flag:": "demisexual_flag.svg",
  ":diagonal_mouth:": "diagonal_mouth.svg",
  ":diamond_suit:": "diamond_suit.svg",
  ":diamond_with_dot:": "diamond_with_dot.svg",
  ":disappointed:": "disappointed.svg",
  ":disappointed_but_relieved:": "disappointed_but_relieved.svg",
  ":disguised_face:": "disguised_face.svg",
  ":dizzy:": "dizzy.svg",
  ":dizzy_face:": "dizzy_face.svg",
  ":dont_at_me:": "dont_at_me.svg",
  ":dont_awoo:": "dont_awoo.svg",
  ":drooling:": "drooling.svg",
  ":duck:": "duck.svg",
  ":dusk_city:": "dusk_city.svg",
  ":dvd:": "dvd.svg",
  ":earth_americas:": "earth_americas.svg",
  ":earth_antarctic:": "earth_antarctic.svg",
  ":earth_arctic:": "earth_arctic.svg",
  ":earth_asia_oceania:": "earth_asia_oceania.svg",
  ":earth_emea:": "earth_emea.svg",
  ":earth_pacific:": "earth_pacific.svg",
  ":eggplant:": "eggplant.svg",
  ":email:": "email.svg",
  ":empty_heart:": "empty_heart.svg",
  ":empty_star:": "empty_star.svg",
  ":end:": "end.svg",
  ":envelope:": "envelope.svg",
  ":envelope_with_arrow:": "envelope_with_arrow.svg",
  ":evergreen_tree:": "evergreen_tree.svg",
  ":exclamation_exclamation:": "exclamation_exclamation.png",
  ":exclamation_question:": "exclamation_question.png",
  ":exhale:": "exhale.svg",
  ":exhausted:": "exhausted.svg",
  ":expressionless:": "expressionless.svg",
  ":eye_speech_bubble:": "eye_speech_bubble.svg",
  ":face_with_thermometer:": "face_with_thermometer.svg",
  ":face_without_mouth:": "face_without_mouth.svg",
  ":finish_flag:": "finish_flag.png",
  ":fire:": "fire.svg",
  ":firecracker:": "firecracker.svg",
  ":fireworks:": "fireworks.svg",
  ":fist_clw:": "fist_clw.svg",
  ":fist_clw_b3:": "fist_clw_b3.svg",
  ":fist_facing_left_clw:": "fist_facing_left_clw.svg",
  ":fist_facing_left_clw_b3:": "fist_facing_left_clw_b3.svg",
  ":fist_facing_right_clw:": "fist_facing_right_clw.svg",
  ":fist_facing_right_clw_b3:": "fist_facing_right_clw_b3.svg",
  ":floppy_disk:": "floppy_disk.svg",
  ":flushed:": "flushed.svg",
  ":foggy:": "foggy.svg",
  ":folder:": "folder.svg",
  ":frown:": "frown.svg",
  ":frown_open_mouth:": "frown_open_mouth.svg",
  ":full_moon:": "full_moon.svg",
  ":full_moon_face:": "full_moon_face.svg",
  ":furry_pride:": "furry_pride.svg",
  ":gamepad:": "gamepad.svg",
  ":gay:": "gay.svg",
  ":gay_man_flag:": "gay_man_flag.svg",
  ":genderfluid_flag:": "genderfluid_flag.svg",
  ":genderqueer_flag:": "genderqueer_flag.svg",
  ":gibbous_moon_1:": "gibbous_moon_1.svg",
  ":gibbous_moon_2:": "gibbous_moon_2.svg",
  ":globe:": "globe.svg",
  ":glowstick:": "glowstick.svg",
  ":goat:": "goat.svg",
  ":gray_exclamation_mark:": "gray_exclamation_mark.png",
  ":gray_heart:": "gray_heart.svg",
  ":gray_question_mark:": "gray_question_mark.png",
  ":green_apple:": "green_apple.svg",
  ":green_book:": "green_book.svg",
  ":green_cross:": "green_cross.svg",
  ":green_heart:": "green_heart.svg",
  ":green_money:": "green_money.svg",
  ":green_tick:": "green_tick.svg",
  ":grimace:": "grimace.svg",
  ":grin:": "grin.svg",
  ":grinning:": "grinning.svg",
  ":growing_heart:": "growing_heart.svg",
  ":half_heart:": "half_heart.svg",
  ":half_moon_1:": "half_moon_1.svg",
  ":half_moon_2:": "half_moon_2.svg",
  ":half_star:": "half_star.svg",
  ":halo:": "halo.svg",
  ":hand_clw:": "hand_clw.svg",
  ":hand_clw_b3:": "hand_clw_b3.svg",
  ":hand_over_mouth:": "hand_over_mouth.svg",
  ":hand_over_mouth_open_eyes:": "hand_over_mouth_open_eyes.svg",
  ":hand_splayed_clw:": "hand_splayed_clw.svg",
  ":hand_splayed_clw_b3:": "hand_splayed_clw_b3.svg",
  ":handshake_clw:": "handshake_clw.svg",
  ":handshake_clw_b3:": "handshake_clw_b3.svg",
  ":happy_kiss:": "happy_kiss.svg",
  ":head_shaking_horizontally:": "head_shaking_horizontally.svg",
  ":head_shaking_vertically:": "head_shaking_vertically.svg",
  ":headpats:": "headpats.svg",
  ":heart_arrow:": "heart_arrow.svg",
  ":heart_decoration:": "heart_decoration.svg",
  ":heart_exclamation:": "heart_exclamation.svg",
  ":heart_eyes:": "heart_eyes.svg",
  ":heart_on_fire:": "heart_on_fire.svg",
  ":heart_suit:": "heart_suit.svg",
  ":high_brightness:": "high_brightness.png",
  ":holding_back_tears:": "holding_back_tears.svg",
  ":hole:": "hole.svg",
  ":hot:": "hot.svg",
  ":hugging_face:": "hugging_face.svg",
  ":hushed:": "hushed.svg",
  ":inbox:": "inbox.svg",
  ":incoming_envelope:": "incoming_envelope.svg",
  ":increasing_graph:": "increasing_graph.svg",
  ":index_finger_clw:": "index_finger_clw.svg",
  ":index_finger_clw_b3:": "index_finger_clw_b3.svg",
  ":info:": "info.png",
  ":joy:": "joy.svg",
  ":joystick:": "joystick.svg",
  ":keyboard:": "keyboard.svg",
  ":kiss:": "kiss.svg",
  ":laptop:": "laptop.svg",
  ":laughing:": "laughing.svg",
  ":lesbian_flag:": "lesbian_flag.svg",
  ":level_slider:": "level_slider.svg",
  ":light_blue_heart:": "light_blue_heart.svg",
  ":light_bulb:": "light_bulb.svg",
  ":lightning:": "lightning.svg",
  ":lightning_bolt:": "lightning_bolt.svg",
  ":lightning_rain:": "lightning_rain.svg",
  ":litter_in_bin:": "litter_in_bin.png",
  ":lollipop:": "lollipop.svg",
  ":love_letter:": "love_letter.svg",
  ":low_brightness:": "low_brightness.png",
  ":lp:": "lp.svg",
  ":lying_face:": "lying_face.svg",
  ":magic_wand:": "magic_wand.svg",
  ":magnifying_glass_left:": "magnifying_glass_left.svg",
  ":magnifying_glass_right:": "magnifying_glass_right.svg",
  ":mailbox:": "mailbox.svg",
  ":mailbox_with_no_mail:": "mailbox_with_no_mail.svg",
  ":medical_mask:": "medical_mask.svg",
  ":metal_clw:": "metal_clw.svg",
  ":metal_clw_b3:": "metal_clw_b3.svg",
  ":microphone:": "microphone.svg",
  ":microscope:": "microscope.svg",
  ":middle_finger_clw:": "middle_finger_clw.svg",
  ":middle_finger_clw_b3:": "middle_finger_clw_b3.svg",
  ":mild_panic:": "mild_panic.svg",
  ":milky_way:": "milky_way.svg",
  ":mind_blown:": "mind_blown.svg",
  ":money_face:": "money_face.svg",
  ":moneybag:": "moneybag.svg",
  ":monocle:": "monocle.svg",
  ":moon_viewing_ceremony:": "moon_viewing_ceremony.svg",
  ":muscle_clw:": "muscle_clw.svg",
  ":muscle_clw_b3:": "muscle_clw_b3.svg",
  ":music_note:": "music_note.svg",
  ":music_notes:": "music_notes.svg",
  ":nail_polish_clw:": "nail_polish_clw.svg",
  ":nail_polish_clw_b3:": "nail_polish_clw_b3.svg",
  ":name_badge:": "name_badge.svg",
  ":national_park:": "national_park.svg",
  ":nauseous:": "nauseous.svg",
  ":nerd:": "nerd.svg",
  ":neurodiversity:": "neurodiversity.svg",
  ":neutral_face:": "neutral_face.svg",
  ":new_moon:": "new_moon.svg",
  ":new_moon_face:": "new_moon_face.svg",
  ":night_with_stars:": "night_with_stars.svg",
  ":no:": "no.svg",
  ":no_entry:": "no_entry.svg",
  ":nonbinary_flag:": "nonbinary_flag.svg",
  ":ok_hand_clw:": "ok_hand_clw.svg",
  ":ok_hand_clw_b3:": "ok_hand_clw_b3.svg",
  ":on_arrow:": "on_arrow.svg",
  ":open_folder:": "open_folder.svg",
  ":open_hands_clw:": "open_hands_clw.svg",
  ":open_hands_clw_b3:": "open_hands_clw_b3.svg",
  ":open_mouth:": "open_mouth.svg",
  ":opossum:": "opossum.svg",
  ":orange:": "orange.svg",
  ":orange_heart:": "orange_heart.svg",
  ":otter:": "otter.svg",
  ":outbox:": "outbox.svg",
  ":outline_face:": "outline_face.svg",
  ":package:": "package.svg",
  ":page:": "page.svg",
  ":page_with_pencil:": "page_with_pencil.svg",
  ":palm_tree:": "palm_tree.svg",
  ":palms_up_clw:": "palms_up_clw.svg",
  ":palms_up_clw_b3:": "palms_up_clw_b3.svg",
  ":paperclip:": "paperclip.svg",
  ":party_face:": "party_face.svg",
  ":paw_print:": "paw_print.svg",
  ":paws:": "paws.svg",
  ":pen:": "pen.svg",
  ":pencil:": "pencil.svg",
  ":pensive:": "pensive.svg",
  ":persevering:": "persevering.svg",
  ":phone:": "phone.svg",
  ":phone_off:": "phone_off.svg",
  ":phone_receiver:": "phone_receiver.svg",
  ":phone_vibrate:": "phone_vibrate.svg",
  ":phone_with_arrow:": "phone_with_arrow.svg",
  ":pigeon:": "pigeon.svg",
  ":pinched_fingers_clw:": "pinched_fingers_clw.svg",
  ":pinched_fingers_clw_b3:": "pinched_fingers_clw_b3.svg",
  ":pink_heart:": "pink_heart.svg",
  ":pirate_flag:": "pirate_flag.png",
  ":pleading:": "pleading.svg",
  ":point_down_clw:": "point_down_clw.svg",
  ":point_down_clw_b3:": "point_down_clw_b3.svg",
  ":point_left_clw:": "point_left_clw.svg",
  ":point_left_clw_b3:": "point_left_clw_b3.svg",
  ":point_right_clw:": "point_right_clw.svg",
  ":point_right_clw_b3:": "point_right_clw_b3.svg",
  ":point_up_clw:": "point_up_clw.svg",
  ":point_up_clw_b3:": "point_up_clw_b3.svg",
  ":pray_clw:": "pray_clw.svg",
  ":pray_clw_b3:": "pray_clw_b3.svg",
  ":pride_100:": "pride_100.svg",
  ":printer:": "printer.svg",
  ":punch_clw:": "punch_clw.svg",
  ":punch_clw_b3:": "punch_clw_b3.svg",
  ":purple_heart:": "purple_heart.svg",
  ":rabbit:": "rabbit.svg",
  ":raccoon:": "raccoon.svg",
  ":radio:": "radio.svg",
  ":radio_button:": "radio_button.svg",
  ":rain:": "rain.svg",
  ":rainbow:": "rainbow.svg",
  ":rainbow_flag:": "rainbow_flag.svg",
  ":raised_eyebrow:": "raised_eyebrow.svg",
  ":raised_hands_clw:": "raised_hands_clw.svg",
  ":raised_hands_clw_b3:": "raised_hands_clw_b3.svg",
  ":red_book:": "red_book.svg",
  ":red_exclamation_mark:": "red_exclamation_mark.png",
  ":red_heart:": "red_heart.svg",
  ":red_question_mark:": "red_question_mark.png",
  ":relaxed:": "relaxed.svg",
  ":revolving_hearts:": "revolving_hearts.svg",
  ":ribbon_heart:": "ribbon_heart.svg",
  ":rocket:": "rocket.png",
  ":rofl:": "rofl.svg",
  ":rolling_eyes:": "rolling_eyes.svg",
  ":rooster:": "rooster.svg",
  ":rose:": "rose.svg",
  ":saluting_face:": "saluting_face.svg",
  ":scared:": "scared.svg",
  ":scream:": "scream.svg",
  ":selfie_clw:": "selfie_clw.svg",
  ":selfie_clw_b3:": "selfie_clw_b3.svg",
  ":shaking_face:": "shaking_face.svg",
  ":shark:": "shark.svg",
  ":sheaf_of_rice:": "sheaf_of_rice.svg",
  ":shining_star:": "shining_star.svg",
  ":shooting_star:": "shooting_star.svg",
  ":shush:": "shush.svg",
  ":signal:": "signal.png",
  ":siren:": "siren.png",
  ":sleepy:": "sleepy.svg",
  ":slight_frown:": "slight_frown.svg",
  ":slight_smile:": "slight_smile.svg",
  ":smile:": "smile.svg",
  ":smile_hearts:": "smile_hearts.svg",
  ":smile_with_tear:": "smile_with_tear.svg",
  ":smiley:": "smiley.svg",
  ":smirk:": "smirk.svg",
  ":sneeze:": "sneeze.svg",
  ":snow:": "snow.svg",
  ":snowflake:": "snowflake.svg",
  ":soap:": "soap.svg",
  ":sob:": "sob.svg",
  ":soft:": "soft.svg",
  ":soon:": "soon.svg",
  ":spade_suit:": "spade_suit.svg",
  ":sparkle:": "sparkle.svg",
  ":sparkler:": "sparkler.svg",
  ":sparkles:": "sparkles.svg",
  ":sparkling_heart:": "sparkling_heart.svg",
  ":speaker:": "speaker.svg",
  ":speaker_loud_volume:": "speaker_loud_volume.svg",
  ":speaker_low_volume:": "speaker_low_volume.svg",
  ":speaker_medium_volume:": "speaker_medium_volume.svg",
  ":speaker_muted:": "speaker_muted.svg",
  ":speech_bubble:": "speech_bubble.svg",
  ":spellbook:": "spellbook.svg",
  ":spider:": "spider.svg",
  ":spider_web:": "spider_web.svg",
  ":spiky_speech_bubble:": "spiky_speech_bubble.svg",
  ":spiral:": "spiral.svg",
  ":spiral_notebook:": "spiral_notebook.svg",
  ":squirrel:": "squirrel.svg",
  ":staff_of_asclepius:": "staff_of_asclepius.svg",
  ":star:": "star.svg",
  ":starry_eyes:": "starry_eyes.svg",
  ":stop_sign:": "stop_sign.svg",
  ":stuck_out_tongue:": "stuck_out_tongue.svg",
  ":stylus:": "stylus.svg",
  ":sun:": "sun.svg",
  ":sun_behind_cloud:": "sun_behind_cloud.svg",
  ":sun_behind_large_cloud:": "sun_behind_large_cloud.svg",
  ":sun_behind_small_cloud:": "sun_behind_small_cloud.svg",
  ":sun_cloud_rain:": "sun_cloud_rain.svg",
  ":sunflower:": "sunflower.svg",
  ":sunglasses_face:": "sunglasses_face.svg",
  ":sunrise:": "sunrise.svg",
  ":sunrise_over_mountains:": "sunrise_over_mountains.svg",
  ":sunset_city:": "sunset_city.svg",
  ":swearing:": "swearing.svg",
  ":sweat:": "sweat.svg",
  ":sweat_drops:": "sweat_drops.svg",
  ":sweat_smile:": "sweat_smile.svg",
  ":tada:": "tada.svg",
  ":tarot_cup:": "tarot_cup.svg",
  ":tarot_pentacle:": "tarot_pentacle.svg",
  ":tarot_sword:": "tarot_sword.svg",
  ":tarot_wand:": "tarot_wand.svg",
  ":think_smirk:": "think_smirk.png",
  ":think_starry_eyes:": "think_starry_eyes.png",
  ":thinking:": "thinking.svg",
  ":thinktink:": "thinktink.png",
  ":thought_bubble:": "thought_bubble.svg",
  ":throunking:": "throunking.png",
  ":thumbs_down_clw:": "thumbs_down_clw.svg",
  ":thumbs_down_clw_b3:": "thumbs_down_clw_b3.svg",
  ":thumbs_up_clw:": "thumbs_up_clw.svg",
  ":thumbs_up_clw_b3:": "thumbs_up_clw_b3.svg",
  ":tick:": "tick.svg",
  ":tick_box:": "tick_box.svg",
  ":toilet_paper:": "toilet_paper.svg",
  ":top:": "top.svg",
  ":trans_thinking:": "trans_thinking.png",
  ":transgender_flag:": "transgender_flag.svg",
  ":triangle_flag:": "triangle_flag.png",
  ":triangle_ruler:": "triangle_ruler.svg",
  ":triumph:": "triumph.svg",
  ":turtle:": "turtle.svg",
  ":tv:": "tv.svg",
  ":two_hearts:": "two_hearts.svg",
  ":unamused:": "unamused.svg",
  ":unsure:": "unsure.svg",
  ":upside_down:": "upside_down.svg",
  ":uwu:": "uwu.svg",
  ":v_clw:": "v_clw.svg",
  ":v_clw_b3:": "v_clw_b3.svg",
  ":very_angry:": "very_angry.svg",
  ":vomiting:": "vomiting.svg",
  ":vulcan_clw:": "vulcan_clw.svg",
  ":vulcan_clw_b3:": "vulcan_clw_b3.svg",
  ":water_drop:": "water_drop.svg",
  ":watermelon:": "watermelon.svg",
  ":wave_clw:": "wave_clw.svg",
  ":wave_clw_b3:": "wave_clw_b3.svg",
  ":weary:": "weary.svg",
  ":weed_think:": "weed_think.png",
  ":white_flag:": "white_flag.png",
  ":white_heart:": "white_heart.svg",
  ":wink:": "wink.svg",
  ":wink_tongue:": "wink_tongue.svg",
  ":wolf:": "wolf.svg",
  ":woozy:": "woozy.svg",
  ":world_map:": "world_map.png",
  ":worried:": "worried.svg",
  ":wrench:": "wrench.svg",
  ":writing_hand_clw:": "writing_hand_clw.svg",
  ":writing_hand_clw_b3:": "writing_hand_clw_b3.svg",
  ":yawn:": "yawn.svg",
  ":yellow_book:": "yellow_book.svg",
  ":yellow_heart:": "yellow_heart.svg",
  ":yum:": "yum.svg",
  ":zippy_face:": "zippy_face.svg",
  ":zzz:": "zzz.svg"
}
